Date,Name,Year,Letterboxd URI
2023-07-23,Parasite,2019,https://boxd.it/hTha
2023-07-23,Everything Everywhere All at Once,2022,https://boxd.it/jUk4
2023-07-23,Fight Club,1999,https://boxd.it/2a9q
2023-07-23,Knives Out,2019,https://boxd.it/jWEA
2023-07-23,Joker,2019,https://boxd.it/h4cS
2023-07-23,The Batman,2022,https://boxd.it/eDGs
2023-07-23,Spider-Man: Into the Spider-Verse,2018,https://boxd.it/azpY
2023-07-23,Pulp Fiction,1994,https://boxd.it/29Pq
2023-07-23,Interstellar,2014,https://boxd.it/4VZ8
2023-07-23,Get Out,2017,https://boxd.it/eOCm
2023-07-23,Whiplash,2014,https://boxd.it/7bQA
2023-07-23,Inception,2010,https://boxd.it/1skk
2023-07-23,The Dark Knight,2008,https://boxd.it/2b0k
2023-07-23,La La Land,2016,https://boxd.it/a5fa
2023-07-23,Spider-Man: No Way Home,2021,https://boxd.it/nwRw
2023-07-23,The Menu,2022,https://boxd.it/lScm
2023-07-23,American Psycho,2000,https://boxd.it/28Vs
2023-07-23,Lady Bird,2017,https://boxd.it/dGNE
2023-07-23,The Wolf of Wall Street,2013,https://boxd.it/3C1m
2023-07-23,Dune,2021,https://boxd.it/fA7G
2023-07-23,Once Upon a Time... in Hollywood,2019,https://boxd.it/gH0O
2023-07-23,The Shining,1980,https://boxd.it/29Nu
2023-07-23,Glass Onion,2022,https://boxd.it/oCkK
2023-07-23,Eternal Sunshine of the Spotless Mind,2004,https://boxd.it/6YK
2023-07-23,Avengers: Infinity War,2018,https://boxd.it/9vEe
2023-07-23,Inglourious Basterds,2009,https://boxd.it/1JzG
2023-07-23,Avengers: Endgame,2019,https://boxd.it/9vE4
2023-07-23,Baby Driver,2017,https://boxd.it/bhF2
2023-07-23,Black Panther,2018,https://boxd.it/8MHs
2023-07-23,Her,2013,https://boxd.it/4O24
2023-07-23,Spider-Man: Across the Spider-Verse,2023,https://boxd.it/kSz4
2023-07-23,The Social Network,2010,https://boxd.it/17ue
2023-07-23,Django Unchained,2012,https://boxd.it/2cCk
2023-07-23,The Godfather,1972,https://boxd.it/2aNK
2023-07-23,Guardians of the Galaxy,2014,https://boxd.it/3VH2
2023-07-23,Little Women,2019,https://boxd.it/aSVk
2023-07-23,Jojo Rabbit,2019,https://boxd.it/iEBG
2023-07-23,Taxi Driver,1976,https://boxd.it/2b8y
2023-07-23,Scott Pilgrim vs. the World,2010,https://boxd.it/1Aq6
2023-07-23,Shutter Island,2010,https://boxd.it/1U82
2023-07-23,Arrival,2016,https://boxd.it/aNGk
2023-07-23,Spider-Man: Homecoming,2017,https://boxd.it/aboM
2023-07-23,Thor: Ragnarok,2017,https://boxd.it/8MHi
2023-07-23,Coco,2017,https://boxd.it/bYJQ
2023-07-23,The Shawshank Redemption,1994,https://boxd.it/2aHi
2023-07-23,The Lord of the Rings: The Fellowship of the Ring,2001,https://boxd.it/2b5O
2023-07-23,Star Wars,1977,https://boxd.it/72s
2023-07-23,Soul,2020,https://boxd.it/ioLA
2023-07-23,1917,2019,https://boxd.it/jj4y
2023-07-23,Top Gun: Maverick,2022,https://boxd.it/cjr4
2023-07-23,Drive,2011,https://boxd.it/IG
2023-07-23,Deadpool,2016,https://boxd.it/9fOC
2023-07-23,Spider-Man: Far From Home,2019,https://boxd.it/fegG
2023-07-23,Inside Out,2015,https://boxd.it/4KHC
2023-07-23,The Avengers,2012,https://boxd.it/1xFW
2023-07-23,Back to the Future,1985,https://boxd.it/2b8e
2023-07-23,GoodFellas,1990,https://boxd.it/29FA
2023-07-23,10 Things I Hate About You,1999,https://boxd.it/23AO
2023-07-23,Dunkirk,2017,https://boxd.it/d0Y6
2023-07-23,The Banshees of Inisherin,2022,https://boxd.it/p7XS
2023-07-23,WALL·E,2008,https://boxd.it/1VEo
2023-07-23,Guardians of the Galaxy Vol. 2,2017,https://boxd.it/8MxC
2023-07-23,A Quiet Place,2018,https://boxd.it/fVJQ
2023-07-23,The Empire Strikes Back,1980,https://boxd.it/27Vw
2023-07-23,Puss in Boots: The Last Wish,2022,https://boxd.it/aaie
2023-07-23,No Country for Old Men,2007,https://boxd.it/21ew
2023-07-23,Harry Potter and the Prisoner of Azkaban,2004,https://boxd.it/29Qy
2023-07-23,Marriage Story,2019,https://boxd.it/hJAw
2023-07-23,Good Will Hunting,1997,https://boxd.it/2ahY
2023-07-23,Tenet,2020,https://boxd.it/leq4
2023-07-23,Doctor Strange,2016,https://boxd.it/8MH8
2023-07-23,Bullet Train,2022,https://boxd.it/qW26
2023-07-23,Harry Potter and the Philosopher's Stone,2001,https://boxd.it/29QS
2023-07-23,Captain America: Civil War,2016,https://boxd.it/89Ja
2023-07-23,Iron Man,2008,https://boxd.it/28dA
2023-07-23,Guardians of the Galaxy Vol. 3,2023,https://boxd.it/fVNI
2023-07-23,Star Wars: The Force Awakens,2015,https://boxd.it/4vru
2023-07-23,Toy Story,1995,https://boxd.it/29qA
2023-07-23,Memento,2000,https://boxd.it/2bcK
2023-07-23,Jurassic Park,1993,https://boxd.it/2aA2
2023-07-23,The Incredibles,2004,https://boxd.it/1XLm
2023-07-23,Zodiac,2007,https://boxd.it/27MO
2023-07-23,Reservoir Dogs,1992,https://boxd.it/2agc
2023-07-23,Captain America: The Winter Soldier,2014,https://boxd.it/3r58
2023-07-23,The Lord of the Rings: The Return of the King,2003,https://boxd.it/2b5u
2023-07-23,John Wick,2014,https://boxd.it/7dEc
2023-07-23,Catch Me If You Can,2002,https://boxd.it/29VS
2023-07-23,The Dark Knight Rises,2012,https://boxd.it/H3m
2023-07-23,Shrek,2001,https://boxd.it/29zi
2023-07-23,The Lord of the Rings: The Two Towers,2002,https://boxd.it/2b5E
2023-07-23,Bohemian Rhapsody,2018,https://boxd.it/f1TK
2023-07-23,"Monsters, Inc.",2001,https://boxd.it/2a46
2023-07-23,Avengers: Age of Ultron,2015,https://boxd.it/3qi6
2023-07-23,Star Wars: The Last Jedi,2017,https://boxd.it/5xme
2023-07-23,Batman Begins,2005,https://boxd.it/2aIg
2023-07-23,Black Widow,2021,https://boxd.it/hWV8
2023-07-23,Shang-Chi and the Legend of the Ten Rings,2021,https://boxd.it/kLDI
2023-07-23,Lost in Translation,2003,https://boxd.it/2b0E
2023-07-23,Captain Marvel,2019,https://boxd.it/9vSA
2023-07-23,Return of the Jedi,1983,https://boxd.it/27Vm
2023-07-23,Harry Potter and the Goblet of Fire,2005,https://boxd.it/29Qo
2023-07-23,The Lion King,1994,https://boxd.it/201Q
2023-07-23,Harry Potter and the Chamber of Secrets,2002,https://boxd.it/29QI
2023-07-23,Before Sunrise,1995,https://boxd.it/2bcU
2023-07-23,The Prestige,2006,https://boxd.it/293w
2023-07-23,Rogue One: A Star Wars Story,2016,https://boxd.it/aPvy
2023-07-23,Ant-Man,2015,https://boxd.it/3vmW
2023-07-23,Logan,2017,https://boxd.it/7Piy
2023-07-23,Black Panther: Wakanda Forever,2022,https://boxd.it/igPu
2023-07-23,Jaws,1975,https://boxd.it/2a5e
2023-07-23,Harry Potter and the Deathly Hallows: Part 2,2011,https://boxd.it/1RYk
2023-07-23,Home Alone,1990,https://boxd.it/29Fg
2023-07-23,Star Wars: Episode III – Revenge of the Sith,2005,https://boxd.it/27US
2023-07-23,The Departed,2006,https://boxd.it/28MA
2023-07-23,Captain America: The First Avenger,2011,https://boxd.it/28b0
2023-07-23,Schindler's List,1993,https://boxd.it/2aq2
2023-07-23,Babylon,2022,https://boxd.it/mM02
2023-07-23,Harry Potter and the Order of the Phoenix,2007,https://boxd.it/29Qe
2023-07-23,Léon: The Professional,1994,https://boxd.it/2b8S
2023-07-27,Gladiator,2000,https://boxd.it/2b9m
2023-07-27,Following,1998,https://boxd.it/1Tj4
2023-07-27,Insomnia,2002,https://boxd.it/2aB0
2023-07-27,The Hateful Eight,2015,https://boxd.it/8gw8
2023-07-29,The Devil Wears Prada,2006,https://boxd.it/2awE
2023-07-29,Punch-Drunk Love,2002,https://boxd.it/20E4
2023-08-02,The Martian,2015,https://boxd.it/8SeG
2023-08-06,Forrest Gump,1994,https://boxd.it/728
2023-08-07,Ocean's Eleven,2001,https://boxd.it/2aZm
2023-08-13,Ghostbusters,1984,https://boxd.it/g2w
2023-08-20,12 Angry Men,1957,https://boxd.it/2auI
2023-08-20,The Apartment,1960,https://boxd.it/2aGE
2023-08-20,Before Sunset,2004,https://boxd.it/2bcg
2023-08-20,Dr. Strangelove or: How I Learned to Stop Worrying and Love the Bomb,1964,https://boxd.it/29eY
2023-08-23,Mission: Impossible – Dead Reckoning,2023,https://boxd.it/l7zS
2023-08-23,Mission: Impossible – Fallout,2018,https://boxd.it/bSVc
2023-08-23,Shaun of the Dead,2004,https://boxd.it/29J8
2023-08-23,The World's End,2013,https://boxd.it/3EiO
2023-08-23,Oppenheimer,2023,https://boxd.it/wUow
2023-08-24,Barbie,2023,https://boxd.it/bCLK
2023-08-31,Munich,2005,https://boxd.it/2a0e
2023-09-01,American Made,2017,https://boxd.it/bb66
2023-09-03,Dog Day Afternoon,1975,https://boxd.it/29bg
2023-09-05,Some Like It Hot,1959,https://boxd.it/2aNA
2023-09-05,Teenage Mutant Ninja Turtles: Mutant Mayhem,2023,https://boxd.it/mK0a
2023-09-07,Groundhog Day,1993,https://boxd.it/2b3e
2023-10-01,The Nice Guys,2016,https://boxd.it/94Hg
2023-11-05,Rear Window,1954,https://boxd.it/2a6Q
2023-11-05,Fargo,1996,https://boxd.it/2aHM
2023-11-14,Titanic,1997,https://boxd.it/2a2k
2023-11-14,Indiana Jones and the Last Crusade,1989,https://boxd.it/2baO
2023-12-24,The Holdovers,2023,https://boxd.it/vHza
2024-01-06,Klaus,2019,https://boxd.it/ipoi
2024-01-06,The Adjustment Bureau,2011,https://boxd.it/16T8
2024-02-14,Molly's Game,2017,https://boxd.it/dSl8
2024-02-19,Wolfwalkers,2020,https://boxd.it/fGrC
2024-02-19,American Fiction,2023,https://boxd.it/DYHm
2024-03-14,Dune: Part Two,2024,https://boxd.it/pUfA
2024-03-14,Rise of the Teenage Mutant Ninja Turtles: The Movie,2022,https://boxd.it/sKJc
2024-03-17,Paths of Glory,1957,https://boxd.it/29b6
2024-03-21,How to Train Your Dragon,2010,https://boxd.it/1WRy
2024-03-27,A Bronx Tale,1993,https://boxd.it/28uQ
2024-04-02,F9,2021,https://boxd.it/dqsU
2024-04-07,Valkyrie,2008,https://boxd.it/275g
2024-04-10,The Death of Stalin,2017,https://boxd.it/ea9Y
2024-04-15,Civil War,2024,https://boxd.it/z1jW
2024-04-30,Shōgun,2024,https://boxd.it/LciY
2024-05-03,Moana,2016,https://boxd.it/8tfY
2024-05-12,Raya and the Last Dragon,2021,https://boxd.it/jbkI
2024-05-15,Rise of the Planet of the Apes,2011,https://boxd.it/cS4
2024-05-17,Dawn of the Planet of the Apes,2014,https://boxd.it/3XyQ
2024-05-18,The Fall Guy,2024,https://boxd.it/s0Bm
2024-05-21,War for the Planet of the Apes,2017,https://boxd.it/8FE2
2024-06-07,Challengers,2024,https://boxd.it/zld0
2024-06-10,Hit Man,2023,https://boxd.it/ANB2
2024-06-10,Hercules,1997,https://boxd.it/1SDW
2024-06-25,Inside Out 2,2024,https://boxd.it/CFrC
2024-07-23,The Godfather Part II,1974,https://boxd.it/2aNq
2024-07-23,The Father,2020,https://boxd.it/m8Ie
2024-07-23,Terminator 2: Judgment Day,1991,https://boxd.it/2aGY
2024-07-23,Casablanca,1942,https://boxd.it/2aG0
2024-07-23,Heat,1995,https://boxd.it/2bg8
2024-07-25,Taxi,1998,https://boxd.it/26UM
2024-07-26,Jackie Brown,1997,https://boxd.it/2aVO
2024-07-26,Star Wars: Episode I – The Phantom Menace,1999,https://boxd.it/27Vc
2024-07-26,Star Wars: Episode II – Attack of the Clones,2002,https://boxd.it/27V2
2024-07-26,Iron Man 2,2010,https://boxd.it/1WZM
2024-07-26,Thor,2011,https://boxd.it/1WQU
2024-07-26,Kingsman: The Secret Service,2014,https://boxd.it/6dxe
2024-07-26,Die Hard With a Vengeance,1995,https://boxd.it/28zG
2024-07-26,The Hitman's Bodyguard,2017,https://boxd.it/dCmO
2024-07-28,The Silence of the Lambs,1991,https://boxd.it/2aHW
2024-07-29,The Truman Show,1998,https://boxd.it/18U8
2024-07-31,Tangled,2010,https://boxd.it/15gO
2024-08-02,Lilo & Stitch,2002,https://boxd.it/1TAY
2024-08-03,Dungeons & Dragons: Honor Among Thieves,2023,https://boxd.it/hN1A
2024-08-03,Onward,2020,https://boxd.it/io92
2024-08-03,"tick, tick... BOOM!",2021,https://boxd.it/jz2e
2024-08-03,No Time to Die,2021,https://boxd.it/cPX2
2024-08-03,John Wick: Chapter 4,2023,https://boxd.it/mh48
2024-08-03,Triangle of Sadness,2022,https://boxd.it/hXlq
2024-08-03,Killers of the Flower Moon,2023,https://boxd.it/gHp0
2024-08-03,Toy Story 3,2010,https://boxd.it/1WRe
2024-08-03,"Crazy, Stupid, Love.",2011,https://boxd.it/D9A
2024-08-03,A Star Is Born,2018,https://boxd.it/aXgc
2024-08-03,Love Actually,2003,https://boxd.it/2aeU
2024-08-03,The Holiday,2006,https://boxd.it/28ye
2024-08-03,The Intern,2015,https://boxd.it/7AOE
2024-08-03,Gifted,2017,https://boxd.it/e5dG
2024-08-04,Ferris Bueller's Day Off,1986,https://boxd.it/1YPY
2024-08-08,Mad Max: Fury Road,2015,https://boxd.it/2DjO
2024-08-08,Edge of Tomorrow,2014,https://boxd.it/4pD0
2024-08-09,Hell or High Water,2016,https://boxd.it/bfGM
2024-08-11,Paddington 2,2017,https://boxd.it/bCF8
2024-08-12,Deadpool & Wolverine,2024,https://boxd.it/jq8s
2024-08-18,Mission: Impossible,1996,https://boxd.it/29d2
2024-08-18,The Fugitive,1993,https://boxd.it/230G
2024-08-19,Collateral,2004,https://boxd.it/28F0
2024-08-19,Mission: Impossible – Rogue Nation,2015,https://boxd.it/5rI4
2024-08-19,Rain Man,1988,https://boxd.it/2avw
2024-08-19,Mission: Impossible – Ghost Protocol,2011,https://boxd.it/psI
2024-08-19,Mission: Impossible III,2006,https://boxd.it/29cI
2024-08-19,A Few Good Men,1992,https://boxd.it/29nw
2024-08-19,The Last Samurai,2003,https://boxd.it/29ZA
2024-08-19,Skyfall,2012,https://boxd.it/17Fc
2024-08-19,Casino Royale,2006,https://boxd.it/1alk
2024-08-20,Jerry Maguire,1996,https://boxd.it/1YNS
2024-08-21,First Blood,1982,https://boxd.it/28U0
2024-08-21,North by Northwest,1959,https://boxd.it/2aRM
2024-08-21,Amélie,2001,https://boxd.it/2aUc
2024-08-27,Iron Man 3,2013,https://boxd.it/2cBQ
2024-08-27,Ant-Man and the Wasp,2018,https://boxd.it/cqUW
2024-08-27,Thor: The Dark World,2013,https://boxd.it/2DqA
2024-08-27,The Incredible Hulk,2008,https://boxd.it/28dU
2024-08-27,To Catch a Thief,1955,https://boxd.it/2avm
2024-08-29,Dial M for Murder,1954,https://boxd.it/2adW
2024-08-29,High Noon,1952,https://boxd.it/2aGa
2024-08-29,Notorious,1946,https://boxd.it/2aDK
2024-08-30,When Harry Met Sally...,1989,https://boxd.it/29W2
2024-08-30,Shrek 2,2004,https://boxd.it/29z8
2024-08-30,Hot Fuzz,2007,https://boxd.it/2416
2024-08-30,Cars,2006,https://boxd.it/29ho
2024-08-30,Raiders of the Lost Ark,1981,https://boxd.it/2bbs
2024-08-30,American Beauty,1999,https://boxd.it/71Y
2024-08-30,Rocky,1976,https://boxd.it/28Uk
2024-08-30,The Princess Bride,1987,https://boxd.it/26EY
2024-08-30,Kung Fu Panda,2008,https://boxd.it/1Yws
2024-08-30,The Graduate,1967,https://boxd.it/18Im
2024-08-30,Midnight in Paris,2011,https://boxd.it/i4a
2024-08-30,Die Hard,1988,https://boxd.it/2a7u
2024-08-30,The Nightmare Before Christmas,1993,https://boxd.it/1YzQ
2024-08-30,Aladdin,1992,https://boxd.it/29yE
2024-08-30,In Bruges,2008,https://boxd.it/20n8
2024-08-30,The Green Mile,1999,https://boxd.it/2agG
2024-08-30,The Lego Movie,2014,https://boxd.it/4pDO
2024-08-30,Pirates of the Caribbean: The Curse of the Black Pearl,2003,https://boxd.it/70G
2024-08-30,Platoon,1986,https://boxd.it/29BS
2024-08-30,The Deer Hunter,1978,https://boxd.it/1T6O
2024-08-30,Predator,1987,https://boxd.it/2b84
2024-08-30,Nomadland,2020,https://boxd.it/lnRy
2024-08-30,Mulan,1998,https://boxd.it/1VFw
2024-08-30,Green Book,2018,https://boxd.it/hErk
2024-08-30,The Man from U.N.C.L.E.,2015,https://boxd.it/67lG
2024-08-30,L.A. Confidential,1997,https://boxd.it/27oC
2024-08-31,The Untouchables,1987,https://boxd.it/2b6i
2024-08-31,Harry Potter and the Deathly Hallows: Part 1,2010,https://boxd.it/1RYu
2024-08-31,Harry Potter and the Half-Blood Prince,2009,https://boxd.it/29FU
2024-08-31,Toy Story 2,1999,https://boxd.it/29qq
2024-08-31,Zootopia,2016,https://boxd.it/84xS
2024-08-31,The Amazing Spider-Man,2012,https://boxd.it/27PI
2024-08-31,Suicide Squad,2016,https://boxd.it/9row
2024-08-31,The Amazing Spider-Man 2,2014,https://boxd.it/3utM
2024-08-31,Wreck-It Ralph,2012,https://boxd.it/2TTS
2024-08-31,Toy Story 4,2019,https://boxd.it/9ALu
2024-08-31,Jurassic World,2015,https://boxd.it/4n0g
2024-08-31,Pirates of the Caribbean: Dead Man's Chest,2006,https://boxd.it/2bfk
2024-08-31,Venom,2018,https://boxd.it/b8wA
2024-08-31,Zombieland,2009,https://boxd.it/1En6
2024-08-31,Back to the Future Part II,1989,https://boxd.it/2aYI
2024-08-31,Men in Black,1997,https://boxd.it/2a0I
2024-08-31,It Chapter Two,2019,https://boxd.it/h10u
2024-08-31,Ready Player One,2018,https://boxd.it/aZes
2024-08-31,Home Alone 2: Lost in New York,1992,https://boxd.it/29F6
2024-08-31,X-Men: Days of Future Past,2014,https://boxd.it/4aRw
2024-08-31,The Emperor's New Groove,2000,https://boxd.it/1Tey
2024-08-31,Pirates of the Caribbean: At World's End,2007,https://boxd.it/2aGu
2024-08-31,The Greatest Showman,2017,https://boxd.it/acjI
2024-08-31,Batman v Superman: Dawn of Justice,2016,https://boxd.it/6fBW
2024-08-31,The Big Short,2015,https://boxd.it/ajZw
2024-08-31,Aquaman,2018,https://boxd.it/9ru0
2024-08-31,Cars 2,2011,https://boxd.it/H4Y
2024-08-31,The Irishman,2019,https://boxd.it/dYOq
2024-08-31,Solo: A Star Wars Story,2018,https://boxd.it/bGWs
2024-08-31,A Quiet Place Part II,2020,https://boxd.it/iTx0
2024-08-31,Back to the Future Part III,1990,https://boxd.it/2aTS
2024-08-31,"Three Billboards Outside Ebbing, Missouri",2017,https://boxd.it/ceBS
2024-08-31,Kung Fu Panda 2,2011,https://boxd.it/G36
2024-08-31,Sherlock Holmes,2009,https://boxd.it/1W2A
2024-08-31,Zoolander,2001,https://boxd.it/1YMA
2024-08-31,X-Men: Apocalypse,2016,https://boxd.it/7eJi
2024-08-31,Ford v Ferrari,2019,https://boxd.it/ce74
2024-08-31,Misery,1990,https://boxd.it/28gY
2024-09-01,Uncut Gems,2019,https://boxd.it/gXGc
2024-09-02,Casino,1995,https://boxd.it/2ads
2024-09-02,Sicario,2015,https://boxd.it/8i7u
2024-09-02,Scarface,1983,https://boxd.it/2b7g
2024-09-03,Bridget Jones's Diary,2001,https://boxd.it/29WQ
2024-09-05,The Fast and the Furious: Tokyo Drift,2006,https://boxd.it/1Yeo
2024-09-05,The Usual Suspects,1995,https://boxd.it/29XE
2024-09-05,The Terminal,2004,https://boxd.it/2a2O
2024-09-05,The Breakfast Club,1985,https://boxd.it/27q4
2024-09-07,Perfect Strangers,2016,https://boxd.it/dgVi
2024-09-07,The Mitchells vs. the Machines,2021,https://boxd.it/i7xm
2024-09-07,Loki,2021,https://boxd.it/sbHg
2024-09-07,The Falcon and the Winter Soldier,2021,https://boxd.it/sbH6
2024-09-07,CODA,2021,https://boxd.it/tbf4
2024-09-07,The Trial of the Chicago 7,2020,https://boxd.it/kn3w
2024-09-07,Alice in Wonderland,1951,https://boxd.it/1Sz6
2024-09-08,The Little Mermaid,1989,https://boxd.it/1WYO
2024-09-12,The King,2019,https://boxd.it/ieZs
2024-09-12,Ocean's Thirteen,2007,https://boxd.it/2aEy
2024-09-12,Alvin and the Chipmunks,2007,https://boxd.it/21E0
2024-09-12,Gangs of New York,2002,https://boxd.it/25FG
2024-09-12,The Bourne Identity,2002,https://boxd.it/26EO
2024-09-12,Men in Black II,2002,https://boxd.it/2a0y
2024-09-12,2 Fast 2 Furious,2003,https://boxd.it/2a4g
2024-09-12,Steve Jobs,2015,https://boxd.it/araG
2024-09-14,3:10 to Yuma,2007,https://boxd.it/23g0
2024-09-15,Million Dollar Baby,2004,https://boxd.it/2bdI
2024-09-15,The Fighter,2010,https://boxd.it/PP4
2024-09-15,American Hustle,2013,https://boxd.it/5dz8
2024-09-16,Gentlemen Prefer Blondes,1953,https://boxd.it/29Hc
2024-09-18,A Beautiful Mind,2001,https://boxd.it/2amk
2024-09-18,Rush,2013,https://boxd.it/3lyS
2024-09-18,The Gentlemen,2019,https://boxd.it/iYBQ
2024-09-18,Chernobyl,2019,https://boxd.it/mkbG
2024-09-18,Doctor Sleep,2019,https://boxd.it/i5vI
2024-09-18,How to Train Your Dragon: The Hidden World,2019,https://boxd.it/5a9w
2024-09-18,Alita: Battle Angel,2019,https://boxd.it/e0rS
2024-09-18,Ralph Breaks the Internet,2018,https://boxd.it/edAy
2024-09-18,Fantastic Beasts: The Crimes of Grindelwald,2018,https://boxd.it/bg8G
2024-09-18,Upgrade,2018,https://boxd.it/i4gW
2024-09-18,Bumblebee,2018,https://boxd.it/f21O
2024-09-18,Jurassic World: Fallen Kingdom,2018,https://boxd.it/bOnU
2024-09-18,Christopher Robin,2018,https://boxd.it/eSj4
2024-09-18,Wonder Woman,2017,https://boxd.it/9roG
2024-09-18,The Lego Batman Movie,2017,https://boxd.it/azp0
2024-09-18,Kingsman: The Golden Circle,2017,https://boxd.it/buJm
2024-09-18,Beauty and the Beast,2017,https://boxd.it/ar0c
2024-09-18,Cars 3,2017,https://boxd.it/7IPq
2024-09-18,The Fate of the Furious,2017,https://boxd.it/bbCw
2024-09-18,The Fast and the Furious,2001,https://boxd.it/1XMu
2024-09-18,Fast Five,2011,https://boxd.it/BgO
2024-09-18,Furious 7,2015,https://boxd.it/5cVs
2024-09-18,Fast X,2023,https://boxd.it/drIu
2024-09-18,Fast & Furious Presents: Hobbs & Shaw,2019,https://boxd.it/dnDA
2024-09-18,Fast & Furious,2009,https://boxd.it/1Pnm
2024-09-18,Fast & Furious 6,2013,https://boxd.it/2UG6
2024-09-19,The Insider,1999,https://boxd.it/1ZoE
2024-09-19,Scent of a Woman,1992,https://boxd.it/1YAu
2024-09-19,Awakenings,1990,https://boxd.it/1USu
2024-09-21,After Hours,1985,https://boxd.it/1VfS
2024-09-21,Lethal Weapon,1987,https://boxd.it/29e0
2024-09-22,The Hurt Locker,2008,https://boxd.it/1Soi
2024-09-26,Midnight Run,1988,https://boxd.it/1ZnQ
2024-09-27,Batman,1989,https://boxd.it/2aIU
2024-09-27,Thief,1981,https://boxd.it/1TEc
2024-09-29,Air,2023,https://boxd.it/Arlc
2024-09-29,Ocean's Twelve,2004,https://boxd.it/2aZ2
2024-09-29,Saving Private Ryan,1998,https://boxd.it/29ro
2024-09-29,The Fabelmans,2022,https://boxd.it/ugoM
2024-09-29,Dogma,1999,https://boxd.it/284e
2024-10-03,Alien: Romulus,2024,https://boxd.it/zGqO
2024-10-23,Shot Caller,2017,https://boxd.it/bihA
2024-10-27,Transformers One,2024,https://boxd.it/q7bc
2024-11-01,The Wild Robot,2024,https://boxd.it/IWFy
2024-11-12,The Penguin,2024,https://boxd.it/QkIU
2024-11-24,Heretic,2024,https://boxd.it/H1lY
2024-11-29,Belfast,2021,https://boxd.it/tefG
2024-11-29,Malcolm & Marie,2021,https://boxd.it/r5cO
2024-11-29,Richard Jewell,2019,https://boxd.it/99Mg
2024-12-11,It's a Wonderful Life,1946,https://boxd.it/28xA
2024-12-12,Conclave,2024,https://boxd.it/AO8q
2024-12-13,Godzilla Minus One,2023,https://boxd.it/zu4c
2024-12-14,Call Me by Your Name,2017,https://boxd.it/dYmm
2024-12-14,Palm Springs,2020,https://boxd.it/lCXQ
2024-12-14,Chip 'n Dale: Rescue Rangers,2022,https://boxd.it/eSk2
2024-12-15,We Live in Time,2024,https://boxd.it/FC5u
2024-12-15,Source Code,2011,https://boxd.it/fdo
2024-12-15,Juno,2007,https://boxd.it/210a
2024-12-16,True Grit,2010,https://boxd.it/Sog
2024-12-17,Moneyball,2011,https://boxd.it/glS
2024-12-17,Sherlock Holmes: A Game of Shadows,2011,https://boxd.it/k3S
2024-12-17,Operation Fortune: Ruse de Guerre,2023,https://boxd.it/rJXA
2024-12-19,Good Time,2017,https://boxd.it/fcFu
2024-12-19,Anora,2024,https://boxd.it/Egcw
2024-12-20,Perfect Days,2023,https://boxd.it/ATh8
2024-12-21,Flow,2024,https://boxd.it/v1Ei
2024-12-23,About Time,2013,https://boxd.it/43bI
2024-12-27,"I, Tonya",2017,https://boxd.it/dzR0
2024-12-29,The Suicide Squad,2021,https://boxd.it/fw6O
2025-01-01,The Wizard of Oz,1939,https://boxd.it/29Xu
2025-01-01,The Guardians of the Galaxy Holiday Special,2022,https://boxd.it/t77K
2025-01-01,An Evening with Dua Lipa,2024,https://boxd.it/RhDY
2025-01-04,Wicked,2024,https://boxd.it/e8ME
2025-01-06,Obi-Wan Kenobi,2022,https://boxd.it/yLBA
2025-01-07,A Real Pain,2024,https://boxd.it/CjNG
2025-01-14,The Second,2024,https://boxd.it/Nlvw
2025-01-14,Monty Python and the Holy Grail,1975,https://boxd.it/29GI
2025-01-15,Life of Brian,1979,https://boxd.it/2a4q
2025-01-18,Sing Sing,2023,https://boxd.it/HIBA
2025-01-19,The Apprentice,2024,https://boxd.it/IPqG
2025-01-25,Emilia Pérez,2024,https://boxd.it/AP3G
2025-01-26,Sonic the Hedgehog 3,2024,https://boxd.it/zq0U
2025-01-29,Creed,2015,https://boxd.it/a2qk
2025-02-02,The Grand Budapest Hotel,2014,https://boxd.it/3ZqO
2025-02-04,Moonrise Kingdom,2012,https://boxd.it/2Wng
2025-02-05,Fruitvale Station,2013,https://boxd.it/4VRy
2025-02-09,Nosferatu,2024,https://boxd.it/f5eG
2025-02-13,The Lighthouse,2019,https://boxd.it/icFU
2025-02-15,Election,1999,https://boxd.it/1YEc
2025-02-15,Sully,2016,https://boxd.it/cD8Q
2025-02-26,Nickel Boys,2024,https://boxd.it/CStQ
2025-02-26,The Brutalist,2024,https://boxd.it/k4BO
2025-02-28,A Complete Unknown,2024,https://boxd.it/oBYa
2025-03-10,The Town,2010,https://boxd.it/1zyS
2025-03-10,Argo,2012,https://boxd.it/2czU
2025-03-11,My Cousin Vinny,1992,https://boxd.it/1WpO
2025-03-11,The Secret of My Success,1987,https://boxd.it/1Xhw
2025-03-11,What Women Want,2000,https://boxd.it/24Sa
2025-03-14,Andrew Schulz: LIFE,2025,https://boxd.it/T7FE
2025-03-16,The Intouchables,2011,https://boxd.it/2FT0
2025-03-16,Gone Girl,2014,https://boxd.it/6hQu
2025-03-18,Mickey 17,2025,https://boxd.it/q1Dk
2025-03-21,Spirited Away,2001,https://boxd.it/2b4m
2025-03-23,The Matrix,1999,https://boxd.it/2a1m
2025-04-30,Sinners,2025,https://boxd.it/KQMM
2025-05-12,Thunderbolts*,2025,https://boxd.it/BfbQ
2025-05-29,"Once Upon a Time, There Lived a Dog",1982,https://boxd.it/2oYC
2025-05-29,Wolf and Calf,1984,https://boxd.it/3dwk
2025-06-04,Mission: Impossible – The Final Reckoning,2025,https://boxd.it/l7A2
2025-06-08,Gentlemen of Fortune,1971,https://boxd.it/1CNc
2025-06-10,Mission: Impossible II,2000,https://boxd.it/29cS
2025-06-11,Ne Zha 2,2025,https://boxd.it/B2qe
2025-06-12,Ballerina,2025,https://boxd.it/jKqG
2025-06-12,Ne Zha,2019,https://boxd.it/mKSm
2025-06-16,Predator: Killer of Killers,2025,https://boxd.it/QYvQ
2025-06-21,Companion,2025,https://boxd.it/F04o
2025-06-26,Warfare,2025,https://boxd.it/LbRo
2025-06-30,KPop Demon Hunters,2025,https://boxd.it/ufwK
2025-07-02,Adolescence,2025,https://boxd.it/TFGw
2025-07-03,Logan Lucky,2017,https://boxd.it/dZrs
2025-07-07,F1,2025,https://boxd.it/yjVM
2025-07-11,28 Years Later,2025,https://boxd.it/FEGM
2025-07-21,The Ministry of Ungentlemanly Warfare,2024,https://boxd.it/u5zu
2025-07-26,Batman: Under the Red Hood,2010,https://boxd.it/11eE
2025-07-28,Batman: Mask of the Phantasm,1993,https://boxd.it/1N6S
2025-07-28,Batman Beyond: Return of the Joker,2000,https://boxd.it/1KwS
2025-07-29,Superman,2025,https://boxd.it/E9IU
2025-08-03,Light Up!,2017,https://boxd.it/glGo
2025-08-05,Michael Clayton,2007,https://boxd.it/2466
2025-08-06,End of Watch,2012,https://boxd.it/2F5O
2025-08-06,Black Swan,2010,https://boxd.it/Sw0
2025-08-06,Ted,2012,https://boxd.it/2pgc
2025-08-06,Ted 2,2015,https://boxd.it/6oCY
2025-08-06,Four Lions,2010,https://boxd.it/18do
2025-08-08,Hardcore Henry,2015,https://boxd.it/aAIM
2025-08-08,Heads of State,2025,https://boxd.it/s9tG
2025-08-08,Materialists,2025,https://boxd.it/GZlW
2025-08-12,Novocaine,2025,https://boxd.it/JmdA
2025-08-12,Blade Runner 2049,2017,https://boxd.it/b8wK
2025-08-13,Ghost in the Shell,1995,https://boxd.it/1YYc
2025-08-14,The Naked Gun: From the Files of Police Squad!,1988,https://boxd.it/18YE
2025-08-14,Tropic Thunder,2008,https://boxd.it/20WM
2025-08-15,Before Midnight,2013,https://boxd.it/4ive
2025-08-15,Freaky Friday,2003,https://boxd.it/1WwK
2025-08-16,Mean Girls,2004,https://boxd.it/1VNg
2025-08-16,Clueless,1995,https://boxd.it/1Ygk
2025-08-17,One of Them Days,2025,https://boxd.it/MReU
2025-08-18,Fighting with My Family,2019,https://boxd.it/fRyO
2025-08-19,A Good Person,2023,https://boxd.it/u8sw
2025-08-19,Booksmart,2019,https://boxd.it/igNS
2025-08-20,Short Term 12,2013,https://boxd.it/5f6s
2025-08-20,Spotlight,2015,https://boxd.it/a84k
2025-08-20,Room,2015,https://boxd.it/7T0y
2025-08-21,13 Going on 30,2004,https://boxd.it/1X6e
2025-08-22,Hacksaw Ridge,2016,https://boxd.it/azew
2025-08-22,Tully,2018,https://boxd.it/e4kc
2025-08-24,Howl's Moving Castle,2004,https://boxd.it/23De
2025-08-25,My Neighbor Totoro,1988,https://boxd.it/20eA
2025-08-25,Kiki's Delivery Service,1989,https://boxd.it/1JAY
2025-08-26,Frances Ha,2012,https://boxd.it/41Xg
2025-08-27,Kill Bill: Vol. 1,2003,https://boxd.it/70w
2025-08-28,Kill Bill: Vol. 2,2004,https://boxd.it/2au4
2025-08-29,Game Night,2018,https://boxd.it/fRtu
2025-08-29,Madame Web,2024,https://boxd.it/nwD0
2025-08-30,The Bad Guys 2,2025,https://boxd.it/IAI6
2025-09-05,The Naked Gun,2025,https://boxd.it/Da9k
2025-09-10,Nobody 2,2025,https://boxd.it/C5Lc
2025-09-13,Spider-Man,2002,https://boxd.it/2a8i
2025-09-14,Spider-Man 2,2004,https://boxd.it/2a88
2025-09-18,Weapons,2025,https://boxd.it/EMTM
2025-09-22,Where Is My Home?,2023,https://boxd.it/LIH2
2025-09-23,Avatar,2009,https://boxd.it/1Efm
2025-09-25,The Long Walk,2025,https://boxd.it/mic8
2025-09-26,Spider-Man 3,2007,https://boxd.it/2a7Y
2025-09-27,The Fantastic 4: First Steps,2025,https://boxd.it/mP6C
2025-10-06,Der Fuehrer's Face,1943,https://boxd.it/1fbO
2025-10-09,Avatar: The Way of Water,2022,https://boxd.it/2E2E
2025-10-19,Caught Stealing,2025,https://boxd.it/LnyS
2025-10-20,Raising Arizona,1987,https://boxd.it/2avQ
2025-10-23,A Bedtime Story,2023,https://boxd.it/XOAg
2025-10-28,GoldenEye,1995,https://boxd.it/29KU
2025-11-03,Office Space,1999,https://boxd.it/28Em
2025-11-14,American Pie,1999,https://boxd.it/27qy
2025-11-18,Predator: Badlands,2025,https://boxd.it/LeK6
2025-11-20,One Battle After Another,2025,https://boxd.it/DUHM
2025-11-23,Death by Lightning,2025,https://boxd.it/YHb6
2025-11-24,Frankenstein,2025,https://boxd.it/Ecsg
2025-11-24,Splitsville,2025,https://boxd.it/PGtA
2025-11-25,Sentimental Value,2025,https://boxd.it/GwcG
2025-11-28,Blue Moon,2025,https://boxd.it/Nzwy
2025-11-30,Bugonia,2025,https://boxd.it/qeWY
2025-12-03,The Running Man,2025,https://boxd.it/u36A
2025-12-05,"The Good, the Bad and the Ugly",1966,https://boxd.it/2ape
2025-12-06,Unforgiven,1992,https://boxd.it/6Z4
2025-12-06,Gran Torino,2008,https://boxd.it/1Qzy
2025-12-06,The Exorcist,1973,https://boxd.it/1Yoo
2025-12-07,The Devil's Advocate,1997,https://boxd.it/286k
2025-12-08,Home Alone 3,1997,https://boxd.it/1XZ4
2025-12-13,Jay Kelly,2025,https://boxd.it/EsWw
2025-12-13,Train Dreams,2025,https://boxd.it/LdDo
2025-12-14,Wake Up Dead Man,2025,https://boxd.it/uAKS
2025-12-14,Police Story,1985,https://boxd.it/1Zhe
2025-12-14,The Meyerowitz Stories (New and Selected),2017,https://boxd.it/dSp0
2025-12-15,Rush Hour,1998,https://boxd.it/27pU
2025-12-18,No Other Choice,2025,https://boxd.it/nKiA
2025-12-27,Kiss Kiss Bang Bang,2005,https://boxd.it/23c8
2025-12-28,Burn After Reading,2008,https://boxd.it/23BW
2025-12-28,The Roses,2025,https://boxd.it/MjnI
2025-12-30,The Birdcage,1996,https://boxd.it/1UTi
2026-01-11,"South Park: Bigger, Longer & Uncut",1999,https://boxd.it/1YAO
2026-01-14,Roofman,2025,https://boxd.it/LcIW
2026-01-28,28 Years Later: The Bone Temple,2026,https://boxd.it/MwlA
2026-01-31,Point Break,1991,https://boxd.it/2958
2026-02-01,Wonder Man,2026,https://boxd.it/10jdQ
2026-02-02,A Knight's Tale,2001,https://boxd.it/1YAk
2026-02-02,Harakiri,1962,https://boxd.it/1NTU
2026-04-15,Project Hail Mary,2026,https://boxd.it/pEeQ
2026-05-23,Troy,2004,https://boxd.it/29TW
2026-05-26,Obsession,2025,https://boxd.it/PNqo
2026-05-28,The Drama,2026,https://boxd.it/OA2w
2026-06-03,The Sheep Detectives,2026,https://boxd.it/NDSe
2026-06-05,Avatar Aang: The Last Airbender,2026,https://boxd.it/B1BK
2026-06-06,Backrooms,2026,https://boxd.it/EY6W
2026-06-16,Clue,1985,https://boxd.it/1MDQ
2026-06-16,Hoppers,2026,https://boxd.it/OFpg
2026-06-24,Scream,1996,https://boxd.it/24EC
